GLP08,ARTHGL
GLM17C,ARTHGL
GLR03DN,ARTHGL
GLR24B,ARTHGL
GLR1E,ARTHGL
GLR88,ARTHGL
GLR24,ARTHGL
GLM23B1,ARTHGL
GLR97,ARTHGL
GLR06n,ARTHGL
GLR57,ARTHGL
GLM51,ARTHGL
GLR37,ARTHGL
GLR12A,ARTHGL
GLR75,ARTHGL
GLR17C,ARTHGL
GLR21B,ARTHGL
GLR1W,ARTHGL
GLM22a,ARTHGL
GLR03An,ARTHGL
GLM47,ARTHGL
glQ01,ARTHGL
GLR73,ARTHGL
GLR1A,ARTHGL
GLM41,ARTHGL
GLR03Bn,ARTHGL
GLR07C,ARTHGL
GLR16,ARTHGL
GLR08,ARTHGL
GLM23C1,ARTHGL
GLM09,ARTHGL
GLM23A1,ARTHGL
GLR92,ARTHGL
GLR34A,ARTHGL
GLP04,ARTHGL
GLM53,ARTHGL
GLM42,ARTHGL
GLM231,ARTHGL
GLR84A,ARTHGL
GLR12,ARTHGL
GLM08B,ARTHGL
GLM19,ARTHGL
GLP09,ARTHGL
GLR1Z,ARTHGL
CashM03,ARTHGL
GLR03EN,ARTHGL
GLR05B,ARTHGL
GLR02,ARTHGL
GLM18B,ARTHGL
GLR74,ARTHGL
GLR1A1,ARTHGL
GLQ02,ARTHGL
GLR45,ARTHGL
GLR42,ARTHGL
GLR1T,ARTHGL
GLM03,ARTHGL
GLR95,ARTHGL
GLR94,ARTHGL
GLR1F,ARTHGL
GLR50,ARTHGL
GLM20,ARTHGL
GLR1L,ARTHGL
GLM32,ARTHGL
GLM06B,ARTHGL
GLR07N,ARTHGL
GLM54,ARTHGL
GLR06D,ARTHGL
GLM23D,ARTHGL
GLR4b,ARTHGL
GLR08C,ARTHGL
GLM07B,ARTHGL
GLR24a,ARTHGL
GLRA1,ARTHGL
GLR09,ARTHGL
GLR15A,ARTHGL
GLR1R,ARTHGL
GLR01,ARTHGL
GLM51,ARTHGL
GLR41,ARTHGL
GLR19,ARTHGL
GLR1IA,ARTHGL
GLM18,ARTHGL
GLR29,ARTHGL
GLR09E,ARTHGL
GLM10,ARTHGL
GLR07E,ARTHGL
GLR23,ARTHGL
GLR1U,ARTHGL
GLR1G,ARTHGL
GLR7B,ARTHGL
CashM01,ARTHGL
GLR96,ARTHGL
GLR06An,ARTHGL
GLR09C,ARTHGL
GLR83,ARTHGL
GLR1D,ARTHGL
GLM48,ARTHGL
GLP03,ARTHGL
GLR07D,ARTHGL
GLR24C,ARTHGL
GLR1I,ARTHGL
GLR2A,ARTHGL
GLR12B,ARTHGL
GLR1S,ARTHGL
GLR1Ha,ARTHGL
GLR7C,ARTHGL
JHelp,
GLM23D1,ARTHGL
GLM22,ARTHGL
GLP26,ARTHGL
GLR25,ARTHGL
GLR84,ARTHGL
GLR43,ARTHGL
GLP20B,ARTHGL
GLR21a,ARTHGL
GLR34,ARTHGL
GLM25,ARTHGL
GLM43,ARTHGL
GLR26,ARTHGL
GLR101,ARTHGL
GLR10,ARTHGL
GLR100,ARTHGL
GLR08E,ARTHGL
GLM23C,ARTHGL
GLR1B,ARTHGL
GLR4E,ARTHGL
GLR18A,ARTHGL
GLM11,ARTHGL
GLR05n,ARTHGL
GLM20A,ARTHGL
GLP06,ARTHGL
GLM34,ARTHGL
GLR99,ARTHGL
GLR15,ARTHGL
GLM33,ARTHGL
GLR76,ARTHGL
GLR4D,ARTHGL
GLR71,ARTHGL
GLR1Y,ARTHGL
GLR03CN,ARTHGL
GLM23B,ARTHGL
GLR1K,ARTHGL
GLP24,ARTHGL
GLR04,ARTHGL
GLM23A,ARTHGL
GLR49,ARTHGL
GLR47,ARTHGL
GLM02B,ARTHGL
GLR1H,ARTHGL
GLM05,ARTHGL
GLR77,ARTHGL
GLM30,ARTHGL
GLR18,ARTHGL
GLR21,ARTHGL
GLR52,ARTHGL
GLM25A,ARTHGL
GLR2D,ARTHGL
GLR103,ARTHGL
GLR91,ARTHGL
GLM17,ARTHGL
GLR31,ARTHGL
GLP01,ARTHGL
GLR27,ARTHGL
MCF05,ARTHGL
GLR46,ARTHGL
GLR32,ARTHGL
GLR89,ARTHGL
GLR72,ARTHGL
GLR1P,ARTHGL
GLR35,ARTHGL
GLR03n,ARTHGL
GLR97A,ARTHGL
GLP27,ARTHGL
GLR01A,ARTHGL
GLR2C,ARTHGL
GLR48,ARTHGL
GLM17B,ARTHGL
GLR09D,ARTHGL
GLR41A,ARTHGL
GLR98,ARTHGL
GLR13,ARTHGL
GLR17,ARTHGL
GLR1M,ARTHGL
GLR211,ARTHGL
GLR81,ARTHGL
GLR99,ARTHGL
GLP28,ARTHGL
GLR82,ARTHGL
MCF28,ARTHGL
GLM45,ARTHGL
GLR51,ARTHGL
GLR2B,ARTHGL
GLP10,ARTHGL
GLR86,ARTHGL
GLR25A,ARTHGL
GLR4C,ARTHGL
GLR43A,ARTHGL
GLR22a,ARTHGL
GLM251,ARTHGL
GLR04A,ARTHGL
GLR06C,ARTHGL
GLR33,ARTHGL
GLM17A,ARTHGL
GLM23,ARTHGL
GLM31,ARTHGL
GLR06E,ARTHGL
CashR01,ARTHGL
GLQ03,ARTHGL
GLM02,ARTHGL
GLP13,ARTHGL
GLR84a,ARTHGL
GLR22,ARTHGL
GLR90,ARTHGL
GLR99A,ARTHGL
GLR4a,ARTHGL
GLM44,ARTHGL
GLR87,ARTHGL
GLR7D,ARTHGL
GLR44,ARTHGL
GLR60,ARTHGL
GLM12,ARTHGL
GLR28,ARTHGL
GLR11,ARTHGL
GLP14,ARTHGL
GLR05C,ARTHGL
GLR79,ARTHGL
GLM17,ARTHGL
GLR4f,ARTHGL
GLM52,ARTHGL
GLP20,ARTHGL
GLR05Dn,ARTHGL
GLR1C,ARTHGL
GLR08D,ARTHGL
CashM02,ARTHGL
GLP02,ARTHGL
GLR23C,ARTHGL
GLP05,ARTHGL
GLR102,ARTHGL
GLM17B,ARTHGL
